budget,FPR_S,FPR_L,TPR_S,TPR_L,SEL_S,SEL_L,pi_S,pi_L,DI_disparate_impact,stat_parity_diff,FPR_difference,FPR_ratio,equal_opportunity_diff,avg_odds_diff,fairlearn_equalized_odds_diff,fairlearn_demographic_parity_diff,fairlearn_fpr_S,fairlearn_fpr_L,R_burden_ratio,detector
5%,6.617357519754286,3.4253456240568636,54.67775467775468,59.08221797323135,6.693095257596855,3.54743190759397,0.1575886641002539,0.21935527165661464,1.8867438281955402,0.03145663350002885,3.192011895697422,1.9318802380931448,-4.404463295476679,-0.6062256998896287,4.404463295476679,3.1456633500028848,6.617357519754286,3.4253456240568636,2.6890773956010983,rich
10%,13.341361930013388,6.193280454639075,71.93347193347194,74.37858508604207,13.433696453435989,6.34284851484318,0.1575886641002539,0.21935527165661464,2.117927997491853,0.07090847938592809,7.148081475374313,2.154167250737054,-2.445113152570133,2.35148416140209,7.148081475374313,7.090847938592809,13.341361930013388,6.193280454639075,2.9984894229358963,rich
20%,25.730777308166854,17.269223170788095,90.85239085239085,92.54302103250478,25.833401588991727,17.434340214573915,0.1575886641002539,0.21935527165661464,1.4817538989744374,0.08399061374417813,8.461554137378757,1.4899788516076375,-1.6906301801139278,3.3854619786324145,8.461554137378757,8.399061374417812,25.730777308166854,17.269223170788095,2.0739735159445227,rich
5%,14.975992958810355,8.929112517675577,96.67359667359668,98.2791586998088,15.104844659398312,9.125342762000345,0.15771784572505945,0.2196196339112871,1.6552632655397608,0.059795018973979666,6.046880441134777,1.6772095691665558,-1.6055620262121262,2.220659207461326,6.046880441134777,5.979501897397967,14.975992958810355,8.929112517675577,2.3354880982522865,gnn
10%,17.593450117243687,9.863393037505892,98.54469854469855,99.04397705544933,17.72112468235101,10.059251109646047,0.15771784572505945,0.2196196339112871,1.7616743522147307,0.07661873572704964,7.730057079737797,1.7837117562226292,-0.499278510750778,3.6153892844935096,7.730057079737797,7.661873572704963,17.593450117243687,9.863393037505892,2.483790728335002,gnn
20%,29.259361432409175,24.112854353242206,100.0,100.0,29.370932043610132,24.279517424697342,0.15771784572505945,0.2196196339112871,1.2096999923785041,0.0509141461891279,5.1465070791669705,1.2134341709933223,0.0,2.5732535395834852,5.1465070791669705,5.09141461891279,29.259361432409175,24.112854353242206,1.689688108431074,gnn
