det,strategy,FPR_S,FPR_L,R,recall,alert_rate
thin,joint (lf x decile),9.90830027063244,9.976686837742074,1.2769271302721183,84.89388264669164,10.13732724019985
rich,joint (lf x decile),9.985811503192412,10.063374769603676,1.2758305947597195,74.15730337078652,10.148450607613944
gnn,joint (lf x decile),18.69597204340629,10.671031923041316,2.2526562577186486,92.88389513108615,15.158137206737052
