k,FPR_S,FPR_L
10,6.365517576099858,9.08510082187007
100,5.748062030385521,8.300573620403878
1000,7.662505219049626,9.324293148086438
10000,11.966980369555591,9.863393037505892
100000,17.593450117243687,9.863393037505892
