detector,budget,R_native,R_captured,R_gnnband,d_cap,d_band
thin,0.01,0.9332174861500729,1.0182966526043318,0.932100771382969,0.08507916645425884,-0.0011167147671039546
thin,0.05,2.3373647577526273,2.3715022164268755,2.3282259529594684,0.03413745867424822,-0.009138804793158872
thin,0.1,1.775116684825889,1.7707422232537184,1.7670952005521725,-0.004374461572170585,-0.008021484273716517
thin,0.2,3.564184839973265,3.059336787492804,3.545019123061846,-0.5048480524804613,-0.019165716911419217
rich,0.01,2.102909931736136,2.2529291682426233,2.0883332995067194,0.15001923650648719,-0.014576632229416742
rich,0.05,2.0868580933642416,2.2546633216157606,2.0682728817613976,0.167805228251519,-0.018585211602843987
rich,0.1,1.9858984813541023,2.0932707784453726,1.9735314112597109,0.10737229709127027,-0.01236707009439142
rich,0.2,1.7862072256582668,1.6453600917579618,1.7749589436928563,-0.140847133900305,-0.0112482819654105
