detector,budget,tau,FPR_NonUK,FPR_UK,pi_NonUK,pi_UK,R,gap_pp,R_CI_lo,R_CI_hi,gap_p_raw
structure-blind,1%,0.7876599,1.080225812122751,1.111520697356723,0.1170663180691862,0.11241333451739158,0.9332174861500728,-0.03129488523397206,0.7287471298613052,1.2115661967174374,0.5066666666666667
structure-blind,5%,0.70137036,11.66175062996894,4.790966454886485,0.1170663180691862,0.11241333451739158,2.337364757752627,6.870784175082456,1.8510568533848626,3.068235147974196,0.0033222591362126247
structure-blind,10%,0.65280384,18.57089836501084,10.045970032742806,0.1170663180691862,0.11241333451739158,1.7751166848258892,8.524928332268034,1.407734140013728,2.3387497956531558,0.0033222591362126247
structure-blind,20%,0.47996798,69.2653292442326,18.66128542619858,0.1170663180691862,0.11241333451739158,3.564184839973265,50.60404381803402,2.836152096389894,4.666983810513017,0.0033222591362126247
aggregate,1%,0.27792522,1.832281757271502,0.8366762798967843,0.1170663180691862,0.11241333451739158,2.102909931736136,0.9956054773747177,1.6280769766298568,2.7562579285850513,0.0033222591362126247
aggregate,5%,0.042999256,9.970113101400582,4.587679163865819,0.1170663180691862,0.11241333451739158,2.086858093364242,5.3824339375347625,1.6561239780037482,2.7127367831881095,0.0033222591362126247
aggregate,10%,0.0144219175,19.983200828238235,9.662597306849968,0.1170663180691862,0.11241333451739158,1.9858984813541027,10.320603521388268,1.5746061348717357,2.5782523906752157,0.0033222591362126247
aggregate,20%,0.0013130810800000066,36.149473560838395,19.433722922132837,0.1170663180691862,0.11241333451739158,1.7862072256582668,16.715750638705558,1.4245120860799196,2.328642843567832,0.0033222591362126247
