{
 "cuts": [
  5695.211666666666,
  10791.508333333333
 ],
 "excluded_share": 0.22709364715944394,
 "excluded_prev": 5.1272131499033985e-05,
 "kept_prev": 0.0014400450296534236,
 "full_test_prev": 0.0011246635271353524,
 "kept": {
  "S": {
   "rows": 1134417,
   "prev": 0.00128700469051504
  },
  "M": {
   "rows": 270338,
   "prev": 0.0013094718463553033
  },
  "L": {
   "rows": 55616,
   "prev": 0.005196346375143843
  }
 },
 "stable": {
  "S": {
   "rows": 610949,
   "prev": 0.0018921382963226062
  },
  "M": {
   "rows": 46823,
   "prev": 0.002690985199581402
  },
  "L": {
   "rows": 30200,
   "prev": 0.0029470198675496688
  }
 },
 "te_tier": {
  "S": {
   "rows": 902916,
   "prev": 0.0015627145825303794
  },
  "M": {
   "rows": 779845,
   "prev": 0.0005872961934743442
  },
  "L": {
   "rows": 206693,
   "prev": 0.001238551861940172
  }
 },
 "stable_share": 0.8325235190737104,
 "migration": {
  "te_S": {
   "tr_S": 0.9101,
   "tr_M": 0.5062,
   "tr_L": 0.0195
  },
  "te_M": {
   "tr_S": 0.0784,
   "tr_M": 0.4146,
   "tr_L": 0.0491
  },
  "te_L": {
   "tr_S": 0.0114,
   "tr_M": 0.0793,
   "tr_L": 0.9315
  }
 }
}