detector,budget,FPR_S,FPR_M,FPR_L,gap_SL_pp,R_SL,R_lo,R_hi,pi_S,pi_M,pi_L,excluded_share,join
thin,0.01,0.015463143012545021,0.008652981167691604,0.007480307864236918,0.7982835148308103,8.34416277182235,6.9745070957336015,10.097474143874242,0.001288251549543715,0.0013107897139827387,0.005200021517330416,0.22714275854329458,from_id column
thin,0.05,0.06018658050842617,0.04401333156365674,0.04812631806629535,1.206026244213082,5.048025032759908,4.465022673277187,5.723400418949564,0.001288251549543715,0.0013107897139827387,0.005200021517330416,0.22714275854329458,from_id column
thin,0.1,0.11372413253771108,0.115644678435016,0.08996196759134087,2.3762164946370206,5.102677895543149,4.452856118086051,5.78589133466701,0.001288251549543715,0.0013107897139827387,0.005200021517330416,0.22714275854329458,from_id column
thin,0.2,0.20557421790220384,0.1983365040038933,0.27568990068314136,-7.011568278093752,3.0099013166837514,2.709871498355899,3.3966291456022977,0.001288251549543715,0.0013107897139827387,0.005200021517330416,0.22714275854329458,from_id column
rich,0.01,0.0,0.0,0.0,0.0,0.0,0.0,0.0,0.001288251549543715,0.0013107897139827387,0.005200021517330416,0.22714275854329458,from_id column
rich,0.05,1.6695062918420015e-05,7.3736524650120195e-06,0.0,0.0016695062918420014,67389545.49654378,38220100.630935304,99362430.87054873,0.001288251549543715,0.0013107897139827387,0.005200021517330416,0.22714275854329458,from_id column
rich,0.1,1.9331125484486332e-05,4.0555088557566107e-05,1.8024838227076914e-05,0.00013062872574094188,4.329026372697924,1.3105254029202167,106828960.83717428,0.001288251549543715,0.0013107897139827387,0.005200021517330416,0.22714275854329458,from_id column
rich,0.2,0.0007996056450401165,0.000752112551431226,0.0010814902936246147,-0.02818846485844982,2.984404544814478,2.2871686916251392,3.885581469272773,0.001288251549543715,0.0013107897139827387,0.005200021517330416,0.22714275854329458,from_id column
